Species	Gene	StudyStatus	NExperts	NModels	KendallW	MeanPairwiseKendallTau	Top1AgreementPattern
Rice	Os01g0107900	uncharacterized	3	5	0.488888888888889	0.2	majority_2_of_3
Rice	Os01g0134700	uncharacterized	3	5	0.111111111111111	-0.333333333333333	all_different
Rice	Os01g0169800	well_studied	3	5	0.866666666666667	0.733333333333333	majority_2_of_3
Rice	Os01g0177400	well_studied	3	5	0.644444444444444	0.333333333333333	unanimous
Rice	Os01g0197100	well_studied	3	5	0.555555555555556	0.2	majority_2_of_3
Rice	Os01g0678500	well_studied	3	5	0.6	0.333333333333333	unanimous
Rice	Os01g0757200	well_studied	3	5	0.0222222222222222	-0.333333333333333	all_different
Rice	Os01g0883800	well_studied	3	5	0.4	0.2	majority_2_of_3
Rice	Os02g0278700	well_studied	3	5	0.288888888888889	-0.0666666666666667	majority_2_of_3
Rice	Os02g0580500	uncharacterized	3	5	0.955555555555556	0.866666666666667	unanimous
Rice	Os02g0707200	well_studied	3	5	0.577777777777778	0.333333333333333	majority_2_of_3
Rice	Os02g0821600	uncharacterized	3	5	0.666666666666667	0.333333333333333	majority_2_of_3
Rice	Os03g0160600	uncharacterized	3	5	0.377777777777778	0.0666666666666667	all_different
Rice	Os03g0221500	uncharacterized	3	5	0.111111111111111	-0.333333333333333	all_different
Rice	Os03g0436300	uncharacterized	3	5	0.333333333333333	-0.0666666666666667	all_different
Rice	Os03g0587100	uncharacterized	3	5	0.644444444444444	0.466666666666667	majority_2_of_3
Rice	Os03g0602300	well_studied	3	5	0.511111111111111	0.2	majority_2_of_3
Rice	Os03g0722400	well_studied	3	5	0.511111111111111	0.333333333333333	majority_2_of_3
Rice	Os03g0783000	uncharacterized	3	5	0.622222222222222	0.333333333333333	majority_2_of_3
Rice	Os03g0811700	uncharacterized	3	5	0.466666666666667	0.2	majority_2_of_3
Rice	Os03g0833100	uncharacterized	3	5	0.955555555555556	0.866666666666667	unanimous
Rice	Os03g0850100	uncharacterized	3	5	0.777777777777778	0.6	majority_2_of_3
Rice	Os04g0178300	well_studied	3	5	0.822222222222222	0.6	unanimous
Rice	Os04g0448900	well_studied	3	5	0.511111111111111	0.2	majority_2_of_3
Rice	Os04g0462900	uncharacterized	3	5	0.377777777777778	0.0666666666666667	all_different
Rice	Os04g0463500	well_studied	3	5	0.6	0.333333333333333	majority_2_of_3
Rice	Os04g0469800	well_studied	3	5	0.644444444444444	0.333333333333333	majority_2_of_3
Rice	Os04g0570700	uncharacterized	3	5	0.444444444444444	0.2	majority_2_of_3
Rice	Os04g0653300	uncharacterized	3	5	0.377777777777778	0.0666666666666667	majority_2_of_3
Rice	Os05g0169300	well_studied	3	5	0.555555555555556	0.2	majority_2_of_3
Rice	Os05g0350600	uncharacterized	3	5	0.555555555555556	0.333333333333333	majority_2_of_3
Rice	Os05g0449900	uncharacterized	3	5	0.555555555555556	0.2	all_different
Rice	Os06g0569500	well_studied	3	5	0.444444444444444	0.2	all_different
Rice	Os06g0570100	well_studied	3	5	0.6	0.333333333333333	all_different
Rice	Os06g0610300	well_studied	3	5	0.711111111111111	0.466666666666667	majority_2_of_3
Rice	Os06g0665200	uncharacterized	3	5	0.266666666666667	-0.0666666666666667	all_different
Rice	Os07g0103500	well_studied	3	5	0.688888888888889	0.466666666666667	all_different
Rice	Os07g0154100	well_studied	3	5	0.622222222222222	0.333333333333333	majority_2_of_3
Rice	Os11g0521900	uncharacterized	3	5	0.155555555555556	-0.2	majority_2_of_3
Rice	Os12g0263100	uncharacterized	3	5	0.377777777777778	0.0666666666666667	all_different
Maize	Zm00001eb029300	well_studied	3	5	0.2	-0.2	majority_2_of_3
Maize	Zm00001eb035030	well_studied	3	5	0.288888888888889	-0.0666666666666667	majority_2_of_3
Maize	Zm00001eb038710	well_studied	3	5	0.6	0.333333333333333	majority_2_of_3
Maize	Zm00001eb048020	well_studied	3	5	0.111111111111111	-0.333333333333333	all_different
Maize	Zm00001eb049320	uncharacterized	3	5	0.222222222222222	-0.2	all_different
Maize	Zm00001eb050790	well_studied	3	5	0.0444444444444444	-0.333333333333333	all_different
Maize	Zm00001eb054440	well_studied	3	5	0.133333333333333	-0.2	all_different
Maize	Zm00001eb057490	well_studied	3	5	0.0666666666666667	-0.333333333333333	all_different
Maize	Zm00001eb063410	uncharacterized	3	5	0.377777777777778	0.0666666666666667	majority_2_of_3
Maize	Zm00001eb067310	well_studied	3	5	0.244444444444444	-0.0666666666666667	all_different
Maize	Zm00001eb070570	uncharacterized	3	5	0.377777777777778	0.0666666666666667	majority_2_of_3
Maize	Zm00001eb074640	well_studied	3	5	0.577777777777778	0.333333333333333	majority_2_of_3
Maize	Zm00001eb084030	well_studied	3	5	0.377777777777778	0.0666666666666667	majority_2_of_3
Maize	Zm00001eb117870	well_studied	3	5	0.733333333333333	0.466666666666667	unanimous
Maize	Zm00001eb122500	well_studied	3	5	0.955555555555556	0.866666666666667	unanimous
Maize	Zm00001eb123040	well_studied	3	5	0.577777777777778	0.333333333333333	majority_2_of_3
Maize	Zm00001eb126640	uncharacterized	3	5	0.555555555555556	0.2	majority_2_of_3
Maize	Zm00001eb133420	uncharacterized	3	5	0.422222222222222	0.2	majority_2_of_3
Maize	Zm00001eb140160	uncharacterized	3	5	0.377777777777778	0.0666666666666667	majority_2_of_3
Maize	Zm00001eb145600	well_studied	3	5	0.222222222222222	-0.0666666666666667	all_different
Maize	Zm00001eb170340	uncharacterized	3	5	0.0666666666666667	-0.333333333333333	all_different
Maize	Zm00001eb172650	uncharacterized	3	5	0.733333333333333	0.6	majority_2_of_3
Maize	Zm00001eb212190	uncharacterized	3	5	0.4	0.0666666666666667	majority_2_of_3
Maize	Zm00001eb214800	uncharacterized	3	5	0.6	0.333333333333333	majority_2_of_3
Maize	Zm00001eb228140	well_studied	3	5	0.844444444444444	0.6	majority_2_of_3
Maize	Zm00001eb233320	well_studied	3	5	0.488888888888889	0.2	majority_2_of_3
Maize	Zm00001eb252940	uncharacterized	3	5	0.644444444444444	0.333333333333333	majority_2_of_3
Maize	Zm00001eb257830	uncharacterized	3	5	0.4	0.2	majority_2_of_3
Maize	Zm00001eb287560	uncharacterized	3	5	0.222222222222222	-0.0666666666666667	majority_2_of_3
Maize	Zm00001eb288730	well_studied	3	5	0.133333333333333	-0.2	all_different
Maize	Zm00001eb298190	well_studied	3	5	0.266666666666667	-0.0666666666666667	majority_2_of_3
Maize	Zm00001eb316260	well_studied	3	5	0.0888888888888889	-0.333333333333333	all_different
Maize	Zm00001eb334320	uncharacterized	3	5	0.511111111111111	0.2	majority_2_of_3
Maize	Zm00001eb336530	well_studied	3	5	0.222222222222222	-0.2	all_different
Maize	Zm00001eb337920	uncharacterized	3	5	0.377777777777778	0.0666666666666667	majority_2_of_3
Maize	Zm00001eb355530	uncharacterized	3	5	0.555555555555556	0.2	all_different
Maize	Zm00001eb356500	uncharacterized	3	5	0.177777777777778	-0.2	majority_2_of_3
Maize	Zm00001eb362410	uncharacterized	3	5	0.355555555555556	0.0666666666666667	majority_2_of_3
Maize	Zm00001eb400720	uncharacterized	3	5	0.555555555555556	0.333333333333333	majority_2_of_3
Maize	Zm00001eb409870	uncharacterized	3	5	0.644444444444444	0.333333333333333	unanimous
Wheat	TraesCS1A02G083000	uncharacterized	3	5	0.377777777777778	0.0666666666666667	majority_2_of_3
Wheat	TraesCS1A02G223800	uncharacterized	3	5	0.822222222222222	0.6	majority_2_of_3
Wheat	TraesCS1A02G233800	uncharacterized	3	5	0.333333333333333	-0.0666666666666667	all_different
Wheat	TraesCS1A02G278900	uncharacterized	3	5	0.622222222222222	0.333333333333333	unanimous
Wheat	TraesCS1D02G150300	uncharacterized	3	5	0.377777777777778	0.0666666666666667	majority_2_of_3
Wheat	TraesCS1D02G381700	uncharacterized	3	5	0.488888888888889	0.2	all_different
Wheat	TraesCS2A02G013200	uncharacterized	3	5	0.155555555555556	-0.2	all_different
Wheat	TraesCS2A02G013500	uncharacterized	3	5	0.244444444444444	-0.0666666666666667	all_different
Wheat	TraesCS2A02G187800	well_studied	3	5	0.111111111111111	-0.333333333333333	all_different
Wheat	TraesCS2A02G425400	uncharacterized	3	5	0.622222222222222	0.333333333333333	all_different
Wheat	TraesCS2A02G425500	uncharacterized	3	5	0.777777777777778	0.6	majority_2_of_3
Wheat	TraesCS2B02G004500	uncharacterized	3	5	0.333333333333333	-0.0666666666666667	all_different
Wheat	TraesCS2B02G219300	well_studied	3	5	0.777777777777778	0.466666666666667	majority_2_of_3
Wheat	TraesCS2B02G570900	well_studied	3	5	0.0888888888888889	-0.333333333333333	majority_2_of_3
Wheat	TraesCS2B02G578500	well_studied	3	5	0.222222222222222	-0.0666666666666667	all_different
Wheat	TraesCS2D02G199900	well_studied	3	5	0.6	0.333333333333333	majority_2_of_3
Wheat	TraesCS2D02G548900	well_studied	3	5	0.377777777777778	0.0666666666666667	majority_2_of_3
Wheat	TraesCS3A02G122600	well_studied	3	5	0.711111111111111	0.466666666666667	majority_2_of_3
Wheat	TraesCS3B02G141800	well_studied	3	5	0.155555555555556	-0.2	all_different
Wheat	TraesCS3B02G275000	well_studied	3	5	0.111111111111111	-0.2	all_different
Wheat	TraesCS3D02G124500	well_studied	3	5	0.444444444444444	0.2	majority_2_of_3
Wheat	TraesCS4A02G046700	well_studied	3	5	0.333333333333333	-0.0666666666666667	all_different
Wheat	TraesCS4A02G105300	well_studied	3	5	0.155555555555556	-0.2	all_different
Wheat	TraesCS4A02G182800	well_studied	3	5	0.488888888888889	0.2	majority_2_of_3
Wheat	TraesCS4B02G258200	well_studied	3	5	0.422222222222222	0.0666666666666667	all_different
Wheat	TraesCS4D02G130600	well_studied	3	5	0.155555555555556	-0.2	all_different
Wheat	TraesCS4D02G258000	well_studied	3	5	0.288888888888889	-0.0666666666666667	majority_2_of_3
Wheat	TraesCS5A02G155000	well_studied	3	5	0.222222222222222	-0.0666666666666667	all_different
Wheat	TraesCS5A02G355200	uncharacterized	3	5	0.2	-0.2	majority_2_of_3
Wheat	TraesCS5A02G376500	well_studied	3	5	0.533333333333333	0.2	all_different
Wheat	TraesCS5B02G357400	uncharacterized	3	5	0.244444444444444	-0.0666666666666667	majority_2_of_3
Wheat	TraesCS5D02G362500	uncharacterized	3	5	0.666666666666667	0.333333333333333	majority_2_of_3
Wheat	TraesCS6A02G227900	well_studied	3	5	0.244444444444444	-0.0666666666666667	all_different
Wheat	TraesCS6A02G263000	uncharacterized	3	5	0.822222222222222	0.6	unanimous
Wheat	TraesCS6B02G290000	uncharacterized	3	5	0.511111111111111	0.2	majority_2_of_3
Wheat	TraesCS6B02G356400	well_studied	3	5	0.622222222222222	0.333333333333333	all_different
Wheat	TraesCS6D02G243500	uncharacterized	3	5	0.0888888888888889	-0.333333333333333	majority_2_of_3
Wheat	TraesCS7A02G369800	uncharacterized	3	5	0.533333333333333	0.2	all_different
Wheat	TraesCS7B02G258700	uncharacterized	3	5	0.377777777777778	0.0666666666666667	all_different
Wheat	TraesCS7D02G353500	uncharacterized	3	5	0.355555555555556	0.0666666666666667	all_different
Soybean	GLYMA_01G005500	uncharacterized	3	5	0.0666666666666667	-0.333333333333333	all_different
Soybean	GLYMA_01G104200	uncharacterized	3	5	0.155555555555556	-0.2	majority_2_of_3
Soybean	GLYMA_01G175500	well_studied	3	5	0.444444444444444	0.0666666666666667	majority_2_of_3
Soybean	GLYMA_01G194300	well_studied	3	5	0.511111111111111	0.2	all_different
Soybean	GLYMA_02G007900	uncharacterized	3	5	0.888888888888889	0.733333333333333	unanimous
Soybean	GLYMA_02G254200	uncharacterized	3	5	0.555555555555556	0.2	majority_2_of_3
Soybean	GLYMA_03G070900	uncharacterized	3	5	0.6	0.333333333333333	majority_2_of_3
Soybean	GLYMA_03G239400	uncharacterized	3	5	0.6	0.333333333333333	unanimous
Soybean	GLYMA_04G211100	uncharacterized	3	5	0.377777777777778	0.0666666666666667	majority_2_of_3
Soybean	GLYMA_05G018800	well_studied	3	5	0.422222222222222	0.0666666666666667	majority_2_of_3
Soybean	GLYMA_05G037800	uncharacterized	3	5	0.622222222222222	0.333333333333333	majority_2_of_3
Soybean	GLYMA_05G176200	uncharacterized	3	5	0.755555555555556	0.466666666666667	all_different
Soybean	GLYMA_08G163900	well_studied	3	5	0.511111111111111	0.2	majority_2_of_3
Soybean	GLYMA_08G269800	well_studied	3	5	0.822222222222222	0.6	unanimous
Soybean	GLYMA_08G302500	well_studied	3	5	0.155555555555556	-0.2	majority_2_of_3
Soybean	GLYMA_09G149200	well_studied	3	5	0.6	0.333333333333333	all_different
Soybean	GLYMA_09G238300	well_studied	3	5	0.466666666666667	0.2	majority_2_of_3
Soybean	GLYMA_11G003200	well_studied	3	5	0.533333333333333	0.2	all_different
Soybean	GLYMA_11G026400	well_studied	3	5	0.377777777777778	0.0666666666666667	all_different
Soybean	GLYMA_12G028300	uncharacterized	3	5	0.444444444444444	0.2	majority_2_of_3
Soybean	GLYMA_12G224600	well_studied	3	5	0.111111111111111	-0.333333333333333	all_different
Soybean	GLYMA_13G104700	uncharacterized	3	5	0.288888888888889	-0.0666666666666667	all_different
Soybean	GLYMA_13G276700	well_studied	3	5	0.555555555555556	0.333333333333333	unanimous
Soybean	GLYMA_14G089000	uncharacterized	3	5	0.244444444444444	-0.0666666666666667	all_different
Soybean	GLYMA_16G025900	uncharacterized	3	5	0.777777777777778	0.6	unanimous
Soybean	GLYMA_16G165500	uncharacterized	3	5	0.733333333333333	0.466666666666667	majority_2_of_3
Soybean	GLYMA_17G092700	uncharacterized	3	5	0.155555555555556	-0.2	all_different
Soybean	GLYMA_18G029000	uncharacterized	3	5	0.244444444444444	-0.0666666666666667	majority_2_of_3
Soybean	GLYMA_18G117100	well_studied	3	5	0.511111111111111	0.2	all_different
Soybean	GLYMA_18G149800	well_studied	3	5	0.0666666666666667	-0.333333333333333	all_different
Soybean	GLYMA_18G181300	uncharacterized	3	5	0.533333333333333	0.2	all_different
Soybean	GLYMA_18G220600	well_studied	3	5	0.333333333333333	-0.0666666666666667	all_different
Soybean	GLYMA_18G224500	well_studied	3	5	0.333333333333333	-0.0666666666666667	majority_2_of_3
Soybean	GLYMA_18G259400	well_studied	3	5	0.822222222222222	0.6	majority_2_of_3
Soybean	GLYMA_18G273600	well_studied	3	5	0.733333333333333	0.466666666666667	majority_2_of_3
Soybean	GLYMA_18G282300	uncharacterized	3	5	0.555555555555556	0.333333333333333	majority_2_of_3
Soybean	GLYMA_19G034500	well_studied	3	5	0.777777777777778	0.6	majority_2_of_3
Soybean	GLYMA_19G164600	well_studied	3	5	0.733333333333333	0.466666666666667	majority_2_of_3
Soybean	GLYMA_19G194300	uncharacterized	3	5	0.911111111111111	0.733333333333333	majority_2_of_3
Soybean	GLYMA_20G068700	uncharacterized	3	5	0.622222222222222	0.333333333333333	majority_2_of_3
Arabidopsis	AT1G06390	well_studied	3	5	0.511111111111111	0.2	majority_2_of_3
Arabidopsis	AT1G07140	uncharacterized	3	5	0.555555555555556	0.2	unanimous
Arabidopsis	AT1G14920	well_studied	3	5	0.8	0.6	unanimous
Arabidopsis	AT1G19350	well_studied	3	5	0.822222222222222	0.6	unanimous
Arabidopsis	AT1G25250	well_studied	3	5	0.555555555555556	0.333333333333333	unanimous
Arabidopsis	AT1G28080	uncharacterized	3	5	0.0666666666666667	-0.333333333333333	all_different
Arabidopsis	AT1G44090	well_studied	3	5	0.955555555555556	0.866666666666667	unanimous
Arabidopsis	AT1G44130	uncharacterized	3	5	0.777777777777778	0.6	unanimous
Arabidopsis	AT1G50575	uncharacterized	3	5	0.533333333333333	0.2	all_different
Arabidopsis	AT1G51040	uncharacterized	3	5	0.422222222222222	0.2	majority_2_of_3
Arabidopsis	AT1G66250	uncharacterized	3	5	0.844444444444444	0.6	majority_2_of_3
Arabidopsis	AT1G66350	well_studied	3	5	0.6	0.333333333333333	majority_2_of_3
Arabidopsis	AT1G67260	well_studied	3	5	0.311111111111111	-0.0666666666666667	majority_2_of_3
Arabidopsis	AT1G68130	well_studied	3	5	0.488888888888889	0.2	majority_2_of_3
Arabidopsis	AT1G73950	uncharacterized	3	5	0.511111111111111	0.2	all_different
Arabidopsis	AT1G75080	well_studied	3	5	0.311111111111111	-0.0666666666666667	all_different
Arabidopsis	AT1G77480	uncharacterized	3	5	0.6	0.333333333333333	majority_2_of_3
Arabidopsis	AT2G18790	well_studied	3	5	0.111111111111111	-0.333333333333333	all_different
Arabidopsis	AT2G38050	well_studied	3	5	0.355555555555556	0.0666666666666667	all_different
Arabidopsis	AT2G46790	well_studied	3	5	0.222222222222222	-0.0666666666666667	majority_2_of_3
Arabidopsis	AT2G47120	uncharacterized	3	5	0.422222222222222	0.0666666666666667	all_different
Arabidopsis	AT2G47150	uncharacterized	3	5	0.333333333333333	0.0666666666666667	majority_2_of_3
Arabidopsis	AT3G11280	uncharacterized	3	5	0.488888888888889	0.2	majority_2_of_3
Arabidopsis	AT3G29260	uncharacterized	3	5	0.6	0.333333333333333	unanimous
Arabidopsis	AT3G50660	well_studied	3	5	0.622222222222222	0.333333333333333	all_different
Arabidopsis	AT4G01730	uncharacterized	3	5	0.844444444444444	0.6	majority_2_of_3
Arabidopsis	AT4G18390	well_studied	3	5	0.955555555555556	0.866666666666667	majority_2_of_3
Arabidopsis	AT4G21690	well_studied	3	5	0.822222222222222	0.6	majority_2_of_3
Arabidopsis	AT4G26701	uncharacterized	3	5	0.644444444444444	0.466666666666667	majority_2_of_3
Arabidopsis	AT4G33490	uncharacterized	3	5	0.866666666666667	0.733333333333333	majority_2_of_3
Arabidopsis	AT5G01200	uncharacterized	3	5	0.844444444444444	0.6	majority_2_of_3
Arabidopsis	AT5G05790	uncharacterized	3	5	0.688888888888889	0.466666666666667	majority_2_of_3
Arabidopsis	AT5G13250	uncharacterized	3	5	0.822222222222222	0.6	unanimous
Arabidopsis	AT5G24470	well_studied	3	5	0.333333333333333	0.0666666666666667	majority_2_of_3
Arabidopsis	AT5G37020	well_studied	3	5	0.222222222222222	-0.2	majority_2_of_3
Arabidopsis	AT5G51810	well_studied	3	5	0.533333333333333	0.2	majority_2_of_3
Arabidopsis	AT5G57890	uncharacterized	3	5	0.733333333333333	0.466666666666667	unanimous
Arabidopsis	AT5G61380	well_studied	3	5	0.711111111111111	0.466666666666667	majority_2_of_3
Arabidopsis	AT5G62000	well_studied	3	5	0.955555555555556	0.866666666666667	unanimous
Arabidopsis	AT5G67460	uncharacterized	3	5	0.2	-0.2	all_different
